00:00:00,47W,32 000.00р.,Долг перед СНТ,
01.03.2020,00:00:00,47W,32 000.00р.,Долг перед СНТ,
00:00:00,115w,10 000.00р.,Квитанция Кубань-Кредит,
06.03.2020,00:00:00,47W,32 000.00р.,Долг перед СНТ,
01.03.2020,00:00:00,47W,32 000.00р.,Долг перед СНТ,
00:00:00,115w,10 000.00р.,Квитанция Кубань-Кредит,
15:40:44,47W,100.00р.,Онлайн оплата #10,
17.03.2020,00:00:00,47W,32 000.00р.,Долг перед СНТ,
01.03.2020,00:00:00,47W,32 000.00р.,Долг перед СНТ,
00:00:00,115w,10 000.00р.,Квитанция Кубань-Кредит,
06.03.2020,00:00:00,47W,32 000.00р.,Долг перед СНТ,
01.03.2020,00:00:00,47W,32 000.00р.,Долг перед СНТ,
00:00:00,115w,10 000.00р.,Квитанция Кубань-Кредит,
15:40:44,47W,100.00р.,Онлайн оплата #10,
16:14:51,47W,100.00р.,Онлайн оплата #11,
17.03.2020,00:00:00,47W,32 000.00р.,Долг перед СНТ,
01.03.2020,00:00:00,47W,32 000.00р.,Долг перед СНТ,
00:00:00,115w,10 000.00р.,Квитанция Кубань-Кредит,
06.03.2020,00:00:00,47W,32 000.00р.,Долг перед СНТ,
01.03.2020,00:00:00,47W,32 000.00р.,Долг перед СНТ,
00:00:00,115w,10 000.00р.,Квитанция Кубань-Кредит,
15:40:44,47W,100.00р.,Онлайн оплата #10,
17.03.2020,00:00:00,47W,32 000.00р.,Долг перед СНТ,
01.03.2020,00:00:00,47W,32 000.00р.,Долг перед СНТ,
00:00:00,115w,10 000.00р.,Квитанция Кубань-Кредит,
06.03.2020,00:00:00,47W,32 000.00р.,Долг перед СНТ,
01.03.2020,00:00:00,47W,32 000.00р.,Долг перед СНТ,
00:00:00,115w,10 000.00р.,Квитанция Кубань-Кредит,
15:40:44,47W,100.00р.,Онлайн оплата #10,
16:14:51,47W,100.00р.,Онлайн оплата #11,
19:34:23,26w,10 000.00р.,Онлайн оплата #13,
23.03.2020,00:00:00,47W,32 000.00р.,Долг перед СНТ,
01.03.2020,00:00:00,47W,32 000.00р.,Долг перед СНТ,
00:00:00,115w,10 000.00р.,Квитанция Кубань-Кредит,
06.03.2020,00:00:00,47W,32 000.00р.,Долг перед СНТ,
01.03.2020,00:00:00,47W,32 000.00р.,Долг перед СНТ,
00:00:00,115w,10 000.00р.,Квитанция Кубань-Кредит,
15:40:44,47W,100.00р.,Онлайн оплата #10,
17.03.2020,00:00:00,47W,32 000.00р.,Долг перед СНТ,
01.03.2020,00:00:00,47W,32 000.00р.,Долг перед СНТ,
00:00:00,115w,10 000.00р.,Квитанция Кубань-Кредит,
06.03.2020,00:00:00,47W,32 000.00р.,Долг перед СНТ,
01.03.2020,00:00:00,47W,32 000.00р.,Долг перед СНТ,
00:00:00,115w,10 000.00р.,Квитанция Кубань-Кредит,
15:40:44,47W,100.00р.,Онлайн оплата #10,
16:14:51,47W,100.00р.,Онлайн оплата #11,
17.03.2020,00:00:00,47W,32 000.00р.,Долг перед СНТ,
01.03.2020,00:00:00,47W,32 000.00р.,Долг перед СНТ,
00:00:00,115w,10 000.00р.,Квитанция Кубань-Кредит,
06.03.2020,00:00:00,47W,32 000.00р.,Долг перед СНТ,
01.03.2020,00:00:00,47W,32 000.00р.,Долг перед СНТ,
00:00:00,115w,10 000.00р.,Квитанция Кубань-Кредит,
15:40:44,47W,100.00р.,Онлайн оплата #10,
17.03.2020,00:00:00,47W,32 000.00р.,Долг перед СНТ,
01.03.2020,00:00:00,47W,32 000.00р.,Долг перед СНТ,
00:00:00,115w,10 000.00р.,Квитанция Кубань-Кредит,
06.03.2020,00:00:00,47W,32 000.00р.,Долг перед СНТ,
01.03.2020,00:00:00,47W,32 000.00р.,Долг перед СНТ,
00:00:00,115w,10 000.00р.,Квитанция Кубань-Кредит,
15:40:44,47W,100.00р.,Онлайн оплата #10,
16:14:51,47W,100.00р.,Онлайн оплата #11,
19:34:23,26w,10 000.00р.,Онлайн оплата #13,
